Company Name,Report Year,Annual Carbon Emissions (tonnes CO₂),Annual Water Consumption (cubic meters),Renewable Energy Usage (MWh),Sustainable Materials Usage Ratio (percent),Waste Recycling Rate (percent)
3M,2011,6200000.0,,,,47.0
3M,2014,7950000.0,43180000.0,1.0,23.0,36.6
3M,2016,211000.0,42100000.0,0.5,35.0,
3M Company,2017,12000000.0,,25.0,,30.0
3M,2018,,,10.0,45.0,100.0
3M,2019,6700000.0,50000000.0,5.0,100.0,97.0
3M,2020,,41900000.0,20.0,100.0,
3M Company,2021,,,100.0,30.0,42.9
3M,2022,,247000.0,50.0,76.0,60.0
3M,2023,,,51.9,,44.9
3i Group plc,2020,,,100.0,100.0,
3i Group plc,2022,,,100.0,,
3i Group plc,2023,,5544.5,,30.0,95.0
Amgen,2014,38500.0,269000.0,,,50.4
Albemarle Corporation,2023,3849.0,,,,
The AES Corporation,2019,175000.0,4985300000.0,29118848.0,,19.0
Walmart,2014,21200000.0,3000000.0,24.0,99.0,81.66
AbbVie,2018,,,20.0,,32.0
AbbVie Inc,2019,,,25.0,,35.0
AbbVie,2020,,,28.0,,89.0
AbbVie,2021,367954.0,5220000.0,32.0,,42.0
AbbVie,2022,342607.0,5040000.0,245433.0,,39.0
The Coca-Cola Company,2018,25500000.0,298797.0,,56.0,56.0
THE COCA-COLA COMPANY,2019,,273700000.0,,10.0,59.0
BETTERFUTURE,2020,,1430.0,3.7,21.0,76.0
Stellantis N.V.,2021,3874101.0,27540000.0,1169776.0,100.0,87.0
Amazon,2022,,,90.0,100.0,12.0
Visa,2023,,365000000.0,100.0,80.0,50.0
Apple Inc.,2017,29500000.0,,96.0,99.0,95.0
"Macy’s, Inc.",2023,2022.0,,95.0,35.0,65.0
Agilent,2000,,4070000.0,6.5,,9.0
Agilent Technologies,2001,,4430.0,23.4,,
Agilent Technologies,2002,,4061000.0,19.0,,
Agilent,2003,,2856000.0,727000000.0,,5.0
Agilent,2004,,2671000.0,6.0,,
Agilent,2005,,2746000.0,16.0,,73.0
Agilent,2006,212.0,1212000.0,199.0,,93.0
"Agilent Technologies, Inc.",2007,194.0,1074000.0,2000000.0,,78.0
"Agilent Technologies, Inc.",2008,128.6,1075.0,1.0,,83.0
Agilent,2009,,818000.0,1.0,,65.0
"Agilent Technologies, Inc",2010,,938000.0,1.0,,94.0
"Agilent Technologies, Inc.",2011,121753.0,1072810.0,13600.0,,
Agilent Technologies Inc.,2012,,1269427.0,14.2,65.0,95.6
Agilent Technologies Inc.,2013,,1194175.0,12800.0,,80.8
Agilent Technologies Inc.,2014,109.2,1868.91,11800.0,,81.9
Agilent Technologies Inc.,2015,59000.0,358800.0,5050.0,0.0,89.0
Agilent,2016,59000.0,155000.0,5850.0,,89.0
Agilent,2017,,,6000.0,,95.0
"Agilent Technologies, Inc.",2018,1200.0,,32.0,,93.0
"Agilent Technologies, Inc.",2019,277.0,483000.0,108000.0,,94.0
"Agilent Technologies, Inc.",2020,2143.0,,3600.0,,90.0
Agilent,2021,,453000.0,6.4,48.0,94.0
Agilent,2022,49000.0,431000.0,27.0,,94.0
Intel,2016,1630000.0,35582854.0,4.3,,82.0
Apple,2018,2600000.0,3785410.0,100.0,100.0,71.0
Airtel Africa,2022,,,,,39.0
AstraZeneca,2021,,,100.0,,
Airbus Group,2014,400000.0,1800000.0,52000.0,,50.0
Apple,2023,,,38.0,22.0,74.0
Walgreens Boots Alliance,2015,4000.0,,,100.0,
Walgreens Boots Alliance,2019,2100000.0,,7.0,60.0,1.0
"WALGREENS BOOTS ALLIANCE, INC.",2020,1971000.0,,7.0,98.0,99.0
Alliant Energy,2024,,,1.0,,17.0
Bertelsmann,2015,698000.0,4628000.0,1595000.0,93.0,
Bertelsmann SE & Co. KGaA,2016,572300.0,4800000.0,1.7,86.0,95.0
IOWA ELECTRIC GENERATION,2022,264094236.0,,57.0,,
Alliant Energy Corporation,2023,13631273.0,28262000.0,,,65.0
BMW AG,2016,144.0,5017816.0,63.0,50.0,70.0
BMW AG,2017,141.0,5073220.0,2.0,50.0,75.0
Alphabet Inc.,2023,,,100.0,,
BMW Group,2014,130.0,,50.0,,95.0
Alphabet Inc.,2017,,,,,
Altria Group,2010,,,,,
Altria Group,2011,,,,,
Altria,2012,,,,,
"Altria Group (Philip Morris USA, U.S. Smokeless Tobacco Company, Ste. Michelle Wine Estates, Nu Mark, John Middleton)",2013,,4921033.0,,,
"Altria Group, Inc.",2014,438776.0,6435197.0,,,91.1
Altria,2015,192293.0,,,,
Altria,2016,391809.0,2489000000.0,,,79.4
Altria,2017,355305.0,2192000000.0,,,69.4
Altria Group Inc,2019,,,2.1,,
Altria Group Inc.,2021,,,,,
AMR Corporation,2007,30600000.0,,,,53.0
AMR Corporation,2008,29000000.0,,,,
American Airlines,2009,,,,,
American Airlines,2010,1200000.0,,,,
American Airlines,2013,42300000.0,,,,
American Airlines,2014,35142.0,,,,
American,2015,5000.0,,14000000.0,,100.0
American Airlines Group Inc.,2017,34451.0,,100.0,,
"American Airlines Group, Inc.",2018,36037000.0,,100.0,,
American Airlines,2020,117800.0,,240000.0,,
American Airlines Group Inc.,2021,19000000.0,,1350000.0,,
American Airlines,2022,22500000.0,1817440.26,1700000.0,,
"American International Group, Inc. (AIG)",2023,33723.0,,11.0,,
"Walgreens Boots Alliance, Inc.",2018,2129000.0,,17000.0,,100.0
AmerisourceBergen,2021,214595.0,1307831.0,19.0,,80.0
AmerisourceBergen,2022,23627236.0,,,,74.3
Apple,2019,,4921033.0,100.0,40.0,100.0
Anglo American plc,2010,20000000.0,114500000.0,14.0,,15.0
Anglo American plc,2011,18800000.0,131600000.0,11.3,50.0,66.0
Anglo American plc,2012,3300000.0,139200000.0,29.0,,40.0
Anglo American,2013,17000000.0,201000000.0,166.0,,67.0
Anglo American plc,2014,4200000.0,36000000.0,2430000.0,,69.0
Anglo American plc,2015,18000000.0,221700000.0,3.0,,
Anglo American plc,2016,17800000.0,191000000.0,3.0,,85.0
Anglo American plc,2017,,306300000.0,3.2,,88.0
Anglo American plc,2018,30500.0,227497000.0,12.0,,
Anglo American plc,2019,17700000.0,209155000.0,2000000.0,,80.0
Anglo American,2020,,209000000.0,2160000.0,,80.0
Anglo American plc,2021,14800000.0,177000000.0,56.0,,59.0
Anglo American,2022,13300000.0,35910.0,100.0,,58.0
IBM,2018,1375000.0,,1520000.0,,96.0
The Coca-Cola Company,2022,,291000000000.0,21.0,15.0,61.0
Intel Corporation,2014,2080000.0,31797444.0,3100000000.0,,86.0
Deutsche Post DHL Group,2015,,1097000.0,62.0,,
MAA,2022,301628.04,17900000.0,1449.0,45.0,6.0
Apple Inc.,2014,33800000.0,2317181.0,527698368.0,98.0,
Apple Inc.,2015,34200000.0,1839812.0,100.0,67.0,
Apple Inc.,2016,383470.0,2000000.0,93.0,60.0,63.0
Apple Inc.,2018,2600000.0,3785410.0,4.0,100.0,71.0
Apple,2021,22600000.0,4883178.9,100.0,40.0,90.0
Apple,2022,180000.0,5299574.0,100.0,20.0,68.0
ArcelorMittal,2012,,,330000.0,60.0,
ArcelorMittal,2013,,,,,23.0
ArcelorMittal,2014,,,,,
ArcelorMittal,2018,203.0,,8600,33.0,2.9
ArcelorMittal,2019,196100000.0,,300000,70.0,
ArcelorMittal,2020,160300000.0,,33.0,31.0,85.0
ArcelorMittal,2021,146.7,,250.0,,83.0
ArcelorMittal,2022,117800000.0,,250.0,,
Ashtead Group plc,2017,,,,,85.0
Chevron Corporation,2016,66000000.0,,,100.0,
Vitro,2017,1706485.0,,33.0,,
Banco Sabadell S.A.,2020,,,,,
CEMEX,2021,,57200000.0,40.0,56.0,
Banco Sabadell,2022,8103.0,265892.0,592394.0,100.0,79.0
Santander Bank Polska,2021,35132.6,73578.0,100.0,85.0,100.0
Santander UK Group Holdings plc,2022,,107719.0,90000.0,,99.8
Truist,2020,,,,,
Truist,2022,,,,,
Truist,2023,,,,,
BP p.l.c.,2013,49200000.0,,1558.0,,
BP,2018,,3700000.0,892000,,97.0
bp,2020,55000000.0,275600000.0,1232000,,
bp,2021,,55800000.0,4.4,,
"Cisco Systems, Inc.",2017,11493.0,2223000.0,77.0,30.0,
"Alexandria Real Estate Equities, Inc.",2020,,1806857.55,251700.0,,38.5
Biogen,2015,433249.0,839769.0,100.0,,61.0
Hilton,2019,476036.0,149412.0,1.4,,35.0
Boston Properties (BXP),2020,7494.0,6697.0,,,97.0
Bouygues Construction,2014,,3100000.0,,,80.0
Bouygues,2015,,,2500.0,10.0,69.0
Bouygues Group,2017,,734000.0,,12.0,63.0
Bouygues,2019,100.0,1000000.0,7900000.0,9.8,48.0
Bristol-Myers Squibb Co,2020,320000.0,2450000000.0,100.0,,100.0
Philip Morris International Inc.,2018,,4400000.0,65.0,95.0,84.0
Broadcom,2021,,2082994.64,,,43.0
PwC,2018,307.0,1573997.0,81.0,,74.9
Qualcomm,2023,,200000.0,,,50.5
Micron,2017,,16000.0,,,45.0
CaixaBank,2022,400.0,398205.0,100.0,,
CarMax,2019,,,393999.0,,29.0
"CARMAX, INC.",2021,,,43716357.0,,
CarMax,2022,276438541.0,,17.23,,
Kinross Gold Corporation,2015,140000.0,,,62.0,52.0
PVH CORP.,2016,148726.0,201782.0,,29.0,
Caterpillar,2021,1550000.0,404000000.0,24.2,,34.0
Bristol Myers Squibb,2021,370521.0,3168250000.0,7.0,,31.65
Enel,2017,400.0,40765.0,45.0,,22.5
HP,2019,215800.0,2630000.0,240398.0,39.0,
"Cisco Systems, Inc.",2015,500000.0,,71.9,30.0,25.0
ChevronTexaco,2002,60000000.0,,,,
ChevronTexaco,2003,64000000.0,,,,
Chevron Corporation,2004,62500000.0,,500.0,,64.0
Chevron,2005,59700000.0,,1152.0,100.0,
Chevron,2007,60700000.0,,1273.0,,
Chevron,2008,59600000.0,45000.0,1273.0,,
Chevron,2009,3700.0,,1273.0,,67.0
Chevron,2010,59200000.0,,,,59.0
Chevron,2011,59800000.0,1000000.0,1250.0,100.0,
Chevron,2012,3500000.0,,,,41.4
Chevron Corporation,2013,,,,100.0,30.0
Chevron,2014,56000000.0,,,,70.0
Chevron Corporation,2015,57000000.0,78000000.0,,,75.0
Chevron,2016,66000000.0,,,100.0,
Chevron Corporation,2017,63000000.0,,,100.0,25.0
Chevron Corporation,2018,66000000.0,,,100.0,33.0
Chevron,2019,4000000.0,,29.0,,
Chevron Corporation,2020,54000000.0,0.0,,29.0,
Chevron,2021,,6397342.9,100.0,25.0,
Chevron,2022,20000.0,63000000.0,,,
Chipotle,2016,,,15781211.0,100.0,37.0
El Paso,2014,,,,,
Woodside Petroleum,2019,,,500000000.0,,
Kroger,2017,,,10600000.0,60.0,95.0
Cisco,2018,,3394.0,40.0,35.0,
Citi,2018,,,,,
3M,2012,72.0,,,,
3M,2013,,,,,
3M,2015,61700.0,,800000.0,,
Apple,2015,275000.0,1.87,692000000.0,,68.0
Kinross,2015,1351000.0,51508000.0,,81.0,52.0
Bristol Myers Squibb (BMS),2021,,3168250000.0,,,
Cisco,2015,351353.0,5308.0,,,75.0
Chevron,2004,62500000.0,,,,
Chevron,2013,,,,,
Chevron,2015,57000000.0,78000000.0,,,
Chevron,2017,,,,,
Chevron,2018,66000000.0,70000000.0,,,75.0
Chevron,2020,,0.03,,,29.0
Cimarex Energy_None,2019,,,,,
Citi,2019,,4336083.0,1310600,,
Citi,2020,,3782392.0,,,22.8
"Citigroup, Inc.",2021,,3619630.0,,,22.76
Citi,2022,,946.35,,,
PAX WORLD,2017,437.0,0.3,,,
The Coca-Cola Company,2016,,,,30.0,59.3
COCA-COLA,2017,19.0,,,,
The Coca-Cola Company,2020,,1.84,,11.5,60.0
The Coca-Cola Company,2021,5490000.0,1.81,12.0,23.0,61.0
Coca-Cola,2023,5620000.0,,24.0,,
Colgate,2013,,1.6,,50.0,
Colgate,2022,,,,,
NRG,2015,90.0,11000000000.0,,,
Ralph Lauren Corporation,2017,90000.0,0.01,,,
Amazon,2023,80.8,,100.0,,82.0
ConocoPhillips,2022,16014000.0,9200000.0,,,
Edison Energy,2018,220000.0,,100.0,,
Con Edison,2021,39900000.0,,53.3,,
Franciscan Estate Winery,2015,194518.0,681.37,75.0,49.0,94.0
"Poggio Casciano Winery, Kim Crawford Winery, Gonzales Winery, Jackson-Triggs Winery",2016,207354.0,3.32,133.0,,95.0
Nava Brewery,2017,230842.0,,,50.0,83.0
Constellation Brands,2019,303842.0,,5500000.0,,99.0
Ruffino Group,2020,3202.0,,,,99.0
Constellation Brands,2022,,0.16,,,100.0
Corning,2021,,15693406.0,,,
Corning,2022,,,190000.0,,
DCC plc,2021,450.0,,100.0,,
DCC plc,2022,84000.0,,80.0,,
DS Smith,2020,,,,,96.0
DS Smith,2021,,,,,100.0
DS Smith,2022,8250702.0,8080000.0,21.0,100.0,63.0
DS Smith,2023,7391418.0,,26.0,,
DTE Energy,2013,,0.0,,,
DTE,2019,,,1000000.0,,
DTE Energy,2019,,,,,100.0
DTE Energy,2020,4700000.0,21.0,,,
DTE Energy,2021,,,,,
DXC Technology,2018,,2735249.0,,,
DXC,2019,,,,,
Henry Schein,2017,6300.0,,,,
Johns Manville (JM),2014,1580652.0,3785410.0,,,11.5
AAON,2023,,,,,90.0
Pall,2020,285.0,,130000.0,,20.0
Lavazza,2021,2300000.0,,134.0,,
Danaher,2022,372468.0,6818699.0,,,69.9
Danaher,2023,,120000.0,,,
Darden Restaurants,2012,568.0,1.89,15.0,100.0,
"Apex Companies, LLC",2022,345316.0,4669793.0,0.02,,32.0
Darden,2024,4282662.0,4826875.0,0.03,,17.0
Dechra,2016,8075.0,,,,
Dechra,2021,55318974.0,,27.8,,31.0
Dechra Pharmaceuticals PLC,2023,,178645.0,,,
John Deere,2020,766000.0,,50.0,,85.0
John Deere,2021,977200.0,,40.5,,83.0
John Deere,2022,716700.0,23900.0,58.9,,84.0
Delta Air Lines,2016,90000.0,,,,
Delta Air Lines,2017,40175582.0,,,,
"Delta Air Lines, Inc.",2018,40.0,0.06,,,
"Delta Air Lines, Inc.",2019,,,,,
"Delta Air Lines, Inc.",2020,38161782.15,,,,
SKY CLUBS,2022,,,,,90.0
Dentsply Sirona,2021,37950.0,258177.0,,,
Dentsply Sirona,2023,22960.0,235930.0,13.0,55.0,
Devon Energy,2021,4230000.0,98500000.0,,,
Diageo,2020,710986.0,16514966.0,65.5,,
Diageo,2021,691999.0,16790280.0,,,97.5
Diageo,2022,,623145.9,,,
Diamondback Energy,2021,1.0,,,,
Digital Realty,2018,3799200.0,1427600.0,1904300.0,,24.0
Digital Realty,2019,1777790.0,1533375.0,1966423.0,27.0,26.0
Digital Realty,2020,32798.0,1417689.0,4146675.0,,27.0
Digital Realty,2021,20327.0,1470354.0,5295453.0,,28.0
Digital Realty,2022,1606253.0,1573359.0,100.0,,
Visa,2016,,284703.37,,,76.0
NRG,2018,46000000.0,185000000.0,,,
Baxter,2019,619000.0,14471000.0,2811.0,,75.0
Baxter,2021,598000.0,14708000.0,846000.0,,
Vitality UK,2024,,88603.0,4.0,,95.5
NVIDIA,2018,,55681.0,52029.0,,74.0
Barrick Gold Corporation,2020,,,,,79.0
Procter & Gamble (P&G),2014,5353.0,70610.0,,,87.0
Givaudan SA,2015,185759.71,8751942.97,40.0,,
Colgate-Palmolive,2016,531000.0,1.04,,41.0,40.0
GLOBALFOUNDRIES,2017,14600.0,3700000.0,,,55.0
Visa,2017,120953.0,247459.69,,,77.0
Dollar General,2022,1916849.0,,,,
DOLLAR TREE | FAMILY DOLLAR,2021,7.75,,,,
[company name not provided in text],2022,6178591.0,,,,
Dollar Tree,2024,,,79000.0,,72.0
"Dollar Tree, Inc.",2023,,,,,
Dominion Energy,2017,,79493.61,1350.0,,
Dominion Energy,2018,101143310.0,6885000000000.0,,,
Dominion Energy,2019,,,,,
Dominion Energy,2020,5.3,,,,
Dominion Energy,2021,,42110000000.0,,,41.0
Port of Dover,2023,,,,,90.0
BMW Group,2015,1267485.0,4819684.0,,,98.8
Dow,2019,42.1,,,,
Dow,2020,34700000.0,,,,
DOW,2021,28290000.0,,900.0,,
Dow,2022,27290000.0,,1000.0,,
Dow,2023,26480000.0,3543.14,1000.0,,
CPP Investment Board,2019,43100000.0,,,,
Apple,2016,38400000.0,2.17,93.0,,63.0
Duke Energy,2023,,,,,80.0
Deutsche Post DHL,2018,4820000.0,1096000000.0,,,
RBC,2014,144244.0,,18300.0,,72.0
Morgan Stanley,2020,30.0,,,,
ENI,2018,,,,,
Eni,2020,37760000.0,,307.0,,
Eni,2021,456000000.0,,1188.0,,
EOG Resources,2017,,0.01,,,
EOG,2018,,37.0,,,
EOG,2019,,25.0,,,
EOG RESOURCES,2020,4500000.0,20.0,,,
EOG Resources,2021,5000000.0,196.0,,,55.0
Eastman,2013,6055992.0,650000000.0,90.0,,
Eastman Chemical Company,2022,6206603.0,,,,75.0
EATON,2018,1099044.0,,9000000.0,,87.0
EATON,2019,,,12.0,,92.0
Eaton,2020,1200000.0,5000.0,,,90.0
Eaton,2021,,278.0,,,94.0
Eaton,2022,215653.0,2935.0,842791.0,,95.0
Ecolab,2005,,,,,
Ecolab,2006,,1135.62,,,
Ecolab,2007,200000.0,355000000.0,,42.0,
Ecolab,2008,200000.0,,,,
Ecolab,2009,200000.0,1634068.0,,,
Ecolab,2010,25000.0,,,,18.0
Ecolab,2011,,,,,19.8
ConAgra Foods,2012,,731000000.0,17000000.0,,
Ecolab,2013,,,,,
Ecolab,2014,,800.0,,,80.0
Ecolab,2015,3.6,6.9,,,
Dow Chemical,2016,47.3,1.17,40.0,,
Ecolab Inc._2017,2017,21500.0,37854100.0,,,
The Buttered Tin,2018,2400000000.0,711657080.0,99.4,,
Ecolab,2020,340004.0,6571352.0,100.0,,
Ecolab,2021,8733980.0,0.1,,,
Ecolab,2022,299519.0,,,,
Edenred,2017,,,,,
Edenred,2018,,61606.0,2799.0,,
Edenred,2019,,60056.0,,,
Edenred,2021,,,560.0,,
Edwards Lifesciences,2015,31608.0,357888000.0,,,40.0
Edwards Lifesciences,2016,46556.0,432549000.0,85000.0,,80.0
Edwards Lifesciences,2017,38583.0,518124.0,85000.0,,30.0
Edwards,2018,47.71,507160.0,13.0,,
Edwards Lifesciences,2022,40474.0,683487.0,2500000.0,,42.0
EA,2022,,232800.0,13.0,,
Emerson,2022,163202.0,3874.0,30.0,,77.0
Emerson,2021,112326.0,3567.0,4.0,,
Emerson,2018,,164.67,,,
BHP,2017,16300000.0,,,,
ENGIE,2016,133000000.0,,18.3,,89.3
ENGIE,2017,120.0,,25.0,,
ENGIE,2018,20.0,,,,
ENGIE,2019,2141479.0,1454663.0,3313000,,
Engie_2020,2020,43.0,34030000.0,72.0,,84.0
Windstream,2021,67.0,8.0,34.4,,
ENGIE,2022,37.5,96.0,,,84.0
Entergy,2022,,,1.0,,
Equifax,2023,14914.0,,,,
Equinix,2020,55100.0,,5840000,,
Equinix,2023,,,96.0,,
Whole Building Conservation,2016,,,230.0,,
Whole Building Conservation,2017,,,230.0,,
Equity Residential,2018,77206.0,12624836.0,2.0,,15.97
Equity Residential,2019,81089.0,12383582.0,12000,,13.8
Equity Residential,2020,,,3.0,,
Equity Residential,2021,116821.0,12182778.0,,,16.4
Equity Residential,2022,264413.0,,1.0,,18.1
Williams,2019,,0.06,,,
Essex Property Trust,2023,43363.0,2980853.0,11620.0,,40.97
EssilorLuxottica,2019,,,5500,,
EssilorLuxottica,2021,,,70.0,,
The Esteé Lauder Companies,2014,154200.0,539639.0,,,82.0
Beiersdorf,2019,,,100.0,,
Eurofins Lancaster Laboratories,2020,500000.0,,,,
Eurofins,2021,525000.0,,,,
Eurofins,2022,480000.0,1500000.0,20.0,,
Everest,2019,,,,,100.0
Everest Re Group,2021,,,,,
Cheniere Energy,2019,6740560.0,,,,
WEC Energy Group,2020,,10000000.0,1.3,,
Evergy,2023,22961093.0,42.0,30.0,,
Eversource,2014,1400000.0,,70.5,,
Eversource,2015,820000.0,,600.0,,
Eversource,2019,36000.0,,70.0,,29.0
Eversource,2020,,,,,
Eversource,2021,,,52415197.0,,
Eversource Energy,2022,,100076.49,61638.0,,
Exelon,2013,25000000.0,129461022.0,,,53.0
Exelon,2014,1100000.0,143467039.0,,,70.0
Exelon,2015,86000000.0,50.88,250000.0,,74.0
Exelon,2016,17130.0,50049.74,,,65.3
Exelon,2017,17409000.0,59936.96,,,60.5
Exelon,2018,16082000.0,71870.03,,,74.5
Exelon,2019,15497000.0,59948.82,,,
Exelon,2020,13720000.0,52860.05,,,90.0
Exelon Corporation,2021,5749000.0,0.43,,,88.0
Exelon,2022,5715000.0,0.3,,,90.4
Expedia Group,2023,3451.0,,84.0,,
Expedia Group,2021,39898.0,,100.0,,
Expeditors,2020,54452.33,214249.26,,,
Expeditors,2022,9742.91,,,,
Expeditors,2021,7056.28,52924.64,,,
Experian,2007,62000.0,,,,
Experian,2008,50.0,,22.0,,
Experian,2010,78000.0,,,,
Experian,2011,79000.0,,,,
Experian,2012,82800.0,,,,
Experian,2013,2654.0,,,,63.0
Experian,2017,54190.0,,26.0,,
Experian,2018,51000.0,,,,
Experian,2019,47700.0,,26.0,,
Experian,2020,43700.0,,29.0,,
Experian,2021,24.7,,,,
ExxonMobil,2010,132000000.0,2140000000.0,,,
ExxonMobil Corporation,2011,129000000.0,2342000000.0,,,50.0
ExxonMobil,2012,125.0,2083.0,,,
ExxonMobil,2013,126.0,280.0,,,
ExxonMobil,2014,,,,,
ExxonMobil,2015,122000000.0,300000000.0,,,
ExxonMobil,2016,125000000.0,290000000.0,,,
ExxonMobil,2017,6600000.0,300000000.0,,,
ExxonMobil,2018,,,500.0,,90.0
Our Environmental Responsibility,2017,,,,,43.3
Ferrari N.V.,2018,,,,,44.8
Ferrari Group,2019,,,,,
Ferrari N.V.,2020,,701.4,,,
Ferrari Group,2021,,,142.0,,
Ferrari Group,2022,,,29.0,,
First Quantum,2021,411191.0,,,,
ACTIONS TARGETS,2022,,,20.0,,
Enbridge,2016,2206000.0,225.3,,,59.0
Teledyne,2022,138329.0,950.04,20.0,,
FMC,2011,14.0,30283280.0,,85.0,
FMC,2012,2.0,30283280.0,,,
FMC,2013,,,,,30.0
FMC,2014,1150000.0,6400000.0,,,
FMC,2015,400.0,45000000.0,,67.0,
FMC,2016,600.0,4000000.0,,,38.0
FMC Corporation,2017,700.0,4000000000.0,,82.0,
FMC Corporation,2018,,,,,
FMC Corporation,2019,350.0,340000.0,,,
FMC,2020,151.95,1517000.0,4.65,,
FMC,2021,2727.76,1450000.0,32.64,,35.04
FMC Corporation,2022,3.0,2500.0,,,58.0
Facebook,2019,364000.0,3.43,86.0,,90.0
Facebook,2020,2020.0,1609000.0,7100000000.0,,90.0
Meta,2021,5709000.0,,,,
Meta,2023,8533471.0,4893023.0,100.0,,
Fastenal,2022,,,,,
FedEx,2008,39.5,,25000.0,75.0,
FedEx,2009,14101552.0,,5.0,,
International Air Transport Association (IATA),2010,3.9,,,,
FedEx,2011,,,,,36.0
FedEx,2012,16645894.0,,20000,,
FedEx,2014,122517.0,0.01,,,
FedEx,2018,2300000.0,,,,
FedEx,2019,92.0,,,,
FedEx,2020,19501454.0,,,,
FedEx,2021,19414171.0,,,,
FedEx,2022,21448385.0,,,,
Pike & Rose,2019,1300000.0,0.02,13000000.0,,49.0
Federal Realty Investment Trust,2020,18026.0,557649.12,36.0,,
Federal Realty,2021,20162.0,253761.0,8.0,,32.0
Federal Realty,2022,203787.0,243172.0,,,30.0
Larsen & Toubro,2017,434802.0,9335260.0,567.0,,8.71
FIS,2019,110198.74,407.5,,,
FIS,2021,,,3.0,,
FIS,2022,,255100.0,11273.98,,
FIS,2023,,,,,
Fifth Third Bancorp,2015,100338.0,,,,
Fifth Third Bancorp,2017,,10.0,100.0,,
Fifth Third Bancorp,2018,,,30.0,,
Fifth Third Bancorp,2020,0.0,516.8,100.0,,
Fifth Third,2021,0.0,,100.0,30.0,
Fifth Third,2022,386330.0,0.38,190000.0,,
Sempra Energy,2013,7800000.0,120754579.0,23.6,,
Thermo Fisher,2017,,,2645.0,,24.0
FirstEnergy,2021,18100000.0,340686900.0,,,
FirstEnergy Corp.,2023,18100000.0,,,,
FirstEnergy,2022,,,,,
Fiserv,2021,,,,,
Fiserv,2022,,,,,
Taylor Morrison Home,2022,,,,,
Chemours,2021,7885000.0,,,,
Fluor,2008,2006.0,2184.18,7500000.0,,
Fluor,2009,,37.0,,,
Fluor,2010,95.0,,,,
Fluor,2011,,0.03,,,
Fluor,2012,,,,,
Fluor,2013,,225000.0,,,
Fluor,2014,,,,,
Fluor,2015,,,,,
Fluor,2016,100000.0,2693.32,12000000.0,,
Fluor,2017,87300.0,,,,
Fluor,2018,14370.0,2.19,,,
Fluor,2019,92950.0,1150.01,,,
Fluor,2021,50000.0,,,,
FLUOR CORPORATION,2022,,,10.0,,
Hyundai,2019,,,,,
Flutter Entertainment plc,2023,,,100.0,,
"Foot Locker, Inc.",2021,,,45200.0,,
Ford,2020,3740000.0,41639510.0,,,
Ford,2021,2.96,15600000.0,,,
Ford,2022,,,,,
Ford,2023,303.0,15100000.0,42.6,,91.0
Interior,2014,18.2,,,,
Teck,2017,,,30.0,,
Chemours,2022,6545000.0,39000.0,100000.0,,0.0
TD Bank Group,2023,,,405276.0,,
Fortinet,2021,,2021.0,100.0,,
Fortinet,2022,,,,,
Fortinet,2023,2030699.0,,100.0,,
Fortive,2022,,,,,
Fortive,2020,28.6,,,,
Hitachi,2013,,56520000.0,,,83.0
PVH,2014,0.65,,,100.0,
Fortune Brands Innovations,2023,120634.0,0.67,1400000.0,,49.4
Frasers Group_2024,2024,451.3,,,,
IPCC (Intergovernmental Panel on Climate Change),2014,49.0,,30.0,,
Freeport-McMoRan,2016,5500000.0,1738000000.0,63.0,,81.0
Freeport-McMoRan,2017,,1560000000.0,,,82.0
Freeport Minerals Corporation (FMC),2018,4900000.0,1540000000.0,30.0,,81.0
Freeport Americas Copper,2020,4600000.0,,,,
Cerro Verde,2021,,56650000.0,,,
FCX,2022,2500000.0,,,,
FCX,2023,7800000.0,,,,
Fresnillo plc,2022,18658.0,,56.0,,
Hochschild Mining,2020,98974.0,231.67,,,
PEÑOLES Industries,2023,,24227.28,,,
GSK,2013,1833000.0,15700000.0,,,94.0
GSK,2017,19500000.0,,,,70.0
GSK,2019,16335000.0,12370000.0,,,
GSK,2020,14620000.0,12470000.0,,,
GSK,2021,13456.0,10.17,,,
Gap Inc.,2004,,,,,
Gap Inc.,2017,,,3.0,35.0,47.0
Gap Inc.,2018,,,,,
Gap Inc.,2020,240724.0,,17.0,,
Gap Inc.,2021,,25898640.0,17.0,79.0,
"Gartner, Inc.",2021,,,,,
General Dynamics,2021,,0.04,7.5,,29.0
Electric Boat / GD Ordnance and Tactical Systems,2022,,0.04,,,65.2
Bath Iron Works,2023,678187.0,,,,
GE,2021,1810000.0,18662071.3,63100.0,,
GM,2016,77.0,0.07,,,
General Motors,2017,1848804.0,37493216.0,,,44.0
General Motors,2018,1763555.0,10738.0,703475.0,,
General Motors,2019,1589700.0,31254916.0,1636792.0,,94.0
General Motors Company,2020,1214124.0,25554164.0,1398047.0,,
Garmin,2016,,,,90.0,
GM,2021,,25304.0,146832.0,35.0,1.2
General Motors (GM),2022,3500000.0,27325.0,1977727.0,,
Genuine Parts Company,2022,374826.0,,,,
Gilead,2016,975.0,303689.56,,,66.0
Gilead Sciences,2017,1728.0,167102.86,50.0,,68.0
Gilead,2019,2700.0,444.0,1.91,,
Gilead,2020,42546.0,613.3,89708.0,,
Gilead,2021,0.08,,461232.0,,95.0
Gilead,2022,,2555.0,30700.0,,
Glencore,2014,36567000.0,958000000.0,78.0,,
Glencore,2016,35600000.0,970000000.0,19.0,,
Glencore,2021,15000000.0,999000000.0,237000,,
Glencore,2022,16610000.0,1078000000.0,,,
Glencore,2018,18500000.0,1075000000.0,,,
Global Payments,2021,,0.11,,,69.0
Goldman Sachs,2019,7000.0,,1.0,,
EMPRESAS CMPC,2020,,,100.0,,
Grainger,2021,90255.0,409797.0,6000000.0,,89.0
"W.W. Grainger, Inc. and Subsidiaries",2024,86000.0,538000.0,10.0,40.0,78.0
Grainger,2022,86682.0,386059.0,6700000.0,,91.8
Persimmon,2015,13700.0,,,,90.0
HCA Healthcare,2021,,0.7,,,
"HCA Healthcare, Inc.",2022,2053476.0,,,,
HCA,2016,,12.49,,,
Alnylam,2022,,,,,
GSK,2023,2.1,,,,
Abbott,2023,,2360.0,260000000.0,,
Intel,2015,2000000.0,34068690.0,3400000000.0,,82.0
HP,2020,44890100.0,2327000.0,243661.0,,85.2
HSBC,2016,2.97,,9.0,95.0,
Statkraft AS,2017,818000.0,,96.5,,
Reckitt,2023,,,,,94.0
ConocoPhillips,2018,20300000.0,18300000.0,,,
Cheniere Energy,2020,,,,,
Morgan Stanley,2015,,,,,58.0
Walmart,2018,42.5,,2900000000.0,,78.0
Hanesbrands Inc_2019,2019,,,,,
Hanesbrands Inc_None,2013,324929.0,,,,
Videndum,2021,,6000.0,33.0,,
Harley-Davidson,2022,,,,,
Cigna,2016,232.0,,,,
Cigna,2018,,,,,100.0
Hasbro,2010,,,,,80.0
Hasbro,2011,27007.0,0.06,,,80.0
Hasbro,2013,,,,,82.0
Hasbro,2015,,,100.0,90.0,50.0
Hasbro,2016,,,25699.0,90.0,50.0
Hasbro,2019,12864.0,,99.7,,
GREENHOUSE GAS EMISSIONS,2020,12738.0,,26828.0,,
Hasbro,2022,9801.0,,,,0.0
H&P,2022,1117000.0,,0.1,,
H&P,2023,17937.0,,,,
Henry Schein,2016,11.3,,,,
Henry Schein,2019,49830.0,,,,
Henry Schein,2020,,91000000.0,,,
Altatec GmbH,2021,,78000000.0,,,
Henry Schein,2023,,,100.0,,28.8
Hermès International,2016,,24590.0,66.0,,
Hermès International,2017,,436997.0,8.6,,
Hermès International,2018,42.2,719725.0,80.0,,
Hermès International,2021,,35.4,46.7,,44.0
Glanbia,2023,0.9,,,,
Hermès International,2019,250.0,,,,88.0
Amerada Hess,2002,13.2,,,,
Hess Corporation,2006,5360000.0,,,,
Hess,2007,6400000.0,,10.0,,
Hess Corporation,2008,11300000.0,54000000.0,10.0,,
Hess Corporation,2009,9100000.0,67000000.0,11.0,,
Hess Corporation,2010,9000000.0,10350000.0,140000.0,,49.0
Hess,2011,5100000.0,1350000.0,23.0,,
Hess,2012,8000000.0,12000000.0,180000.0,,
Hess,2013,6500000.0,10550000.0,140000.0,,
Hess,2014,6000000.0,9290000.0,125000.0,,
Hess,2015,5100000.0,8900000.0,135000.0,,
Hess,2017,4100000.0,7600000.0,90000.0,,7.7
Hess,2018,3600000.0,3800000.0,70000.0,,
Hess,2019,4300000.0,5000000.0,531000.0,,3.6
Hess,2020,3300000.0,3600000.0,634000.0,,3.9
Hess,2021,2900000.0,3000000.0,870000.0,,9.1
Nissan Motor Corporation,2017,3577689.0,29118000.0,169073.0,,94.5
HP,2014,1667700.0,7431000.0,528000000.0,,12.0
HP,2022,26899500.0,2227000.0,270585.0,15.0,87.7
HP,2021,28459500.0,2245000.0,264054.0,39.0,86.4
HP,2023,19764400.0,,293289.0,40.0,
Hikma Pharmaceuticals PLC,2019,,,,,
Hikma,2021,,1065479.0,35000.0,,
Hikma,2022,,,35000.0,,
Hikma,2023,,,,,
Hilton,2016,,40.0,,,
Hilton,2017,505640.0,136900000.0,,,28.0
Hilton,2018,,142473.0,,,33.0
Hilton,2020,1749275.0,105841.0,115.0,,
Hilton,2021,415034.0,138887.0,,,16.0
Hilton,2022,450000.0,155848.88,,,17.5
Incitec Pivot Limited (IPL),2016,2700000.0,43823.0,20.0,,
HollyFrontier,2021,5296000.0,66.98,,,
HF Sinclair,2023,,68.1,,,
Hologic,2023,19244.0,,,,
Hologic,2022,19939.0,1500.0,456000.0,,
The Home Depot,2017,,1892.7,,,
The Home Depot,2021,,227124600.0,,,
The Home Depot,2023,,109776890.0,,,
The Home Depot,2016,4000000.0,264978700.0,,,
Hormel Foods,2022,1100000.0,17488594.2,1.0,,
Hormel Foods,2023,1060000.0,0.28,,,
Host Hotels & Resorts,2019,389904.0,2674889.0,,,
Host Hotels & Resorts,2022,73024.0,2013986.0,,,
Host Hotels & Resorts,2023,82747.0,2459840.0,12.0,,
Host Hotels & Resorts_2024,2024,295718.0,2699944.65,18.2,,
Howden Joinery Group Plc,2022,200.0,,,,
Humana,2018,58672.0,,,,60.0
Humana,2019,,,,,63.0
Cal Poly,2018,,830.0,,,
HII,2024,307154.0,,,,
City of Palo Alto,2019,,,,,
IDEXX,2020,22153.0,,250.0,,
IDEXX,2021,34027.0,,0.4,,
IDEXX,2023,35015.0,,70.0,,
BP,2013,7.0,90.0,492000000.0,,
Canon,2017,1118721.0,9410000.0,,,
IHS Towers,2022,,,,,
Novartis,2016,1352.7,82500000.0,,,78.3
IMI Fabi Group,2022,,25480.2,,,47.0
Intesa Sanpaolo,2015,53.0,26.0,,95.0,
Intesa Sanpaolo,2019,4000.0,17.9,,,60.7
Intesa Sanpaolo,2020,255000.0,19.0,88.0,,
Intesa Sanpaolo,2021,,18.0,88.0,,
Intesa Sanpaolo,2023,,,,,98.0
IPG Photonics,2021,69016.0,180306.0,,,
IPG Photonics Corporation,2022,61565.0,200723.0,0.0,,0.0
Quintiles,2014,139047.0,,,,
Quintiles,2015,133621.0,,,,
IQVIA,2021,71535.0,,,,
IQVIA,2022,7587.0,,80174.0,,
Iveco Group,2023,98512.0,13.0,98.0,,97.5
Hobart Service and Instron,2010,1060000.0,8772.31,,,50.0
Wilsonart,2011,990000.0,7875.66,,20.0,
ITW,2012,152045.0,,,,
ITW,2015,,484.81,,,
ITW,2016,,,,,
ITW,2017,,,3.0,,
ITW,2018,,,,,
ITW,2019,985263.0,2694.32,,,
ITW,2020,541177.0,500.81,1409730.0,,
IGM Financial,2021,46574.0,,,,
Illumina,2020,42054.0,,1272.0,,
Illumina,2021,,,,,
Illumina,2022,,8.0,59.0,,49.0
People and Planet,2023,822880.0,999214.0,96.0,97.0,91.0
Imperial Brands,2021,239977.0,,,,
Imperial Brands,2022,,,90.0,,
Amgen,2013,,4260.0,,,51.3
Siemens,2016,1738000.0,,,,
Siemens,2017,1600000.0,,60.0,,90.0
Siemens,2018,1500000.0,,80.0,,
H&M,2014,341675.0,105000.0,27.0,,98.0
Trane,2014,,,,,
GENERAL MOTORS CO,2025,,,,,
Intel,2007,4000000.0,0.02,,,87.0
Intel,2009,1.98,7570820.0,1430000000.0,,
Intel,2010,,7570820.0,3800000.0,,75.0
Intel,2011,,31040362.0,2800000000.0,,81.0
Intel,2012,1313.0,0.15,,50.0,87.0
INTERCONTINENTAL EXCHANGE,2016,,60.0,2069.0,,
"Intercontinental Exchange, Inc.",2023,,,,,
Turkish Airlines,2021,116808.0,,,,
IBM,2020,,,,,
IBM,2022,,24000.0,,99.5,
International Paper,2017,13600000.0,,75.0,23.0,
International Paper,2023,6365636.0,6.6,70.0,,32.0
International Paper,2022,6261399.0,,,,
Interpublic,2016,15402.3,,,,
Interpublic,2017,2257.7,,,,
Interpublic,2018,28235.5,,,,
N/A (company name not specified in the text),2019,32544.8,,,,
IPG,2021,,,,,
Intertek Group plc,2019,201332.0,,,,
Intertek Group plc,2021,,,990.0,,58.0
Intertek Group plc,2024,1000.0,6700000.0,200.0,,
IFF,2014,242924.0,5584151.0,,,
Firmenich,2018,128295.0,6.8,78.0,,70.0
IFF,2019,,3332340.0,,,72.5
Givaudan,2021,2300000.0,,84.0,,
Givaudan,2022,35.0,13.0,90.0,,46.0
IFF,2020,19.7,4678506.0,166513.0,,21.0
Intuit,2018,,,,,
Intuit,2019,38126.0,,76.0,,76.0
Intuit,2020,37524.0,,100.0,,77.0
Intuit,2021,23481.0,,100.0,,83.0
Intuitive,2019,,,,,
Invesco,2018,,32662.0,,,57.4
Invesco,2022,,60364.0,,,100.0
Iron Mountain,2013,307897.0,,70.0,,
[company name not provided in text],2014,324228.0,,,,
Iron Mountain,2015,324000.0,,2400000.0,,100.0
Iron Mountain,2016,2.0,,2.5,65.0,100.0
Iron Mountain,2017,,36147000000.0,,,100.0
Iron Mountain,2018,,,,,
Iron Mountain,2019,259160.0,924515.0,683919.0,,14.5
Iron Mountain,2020,211070.0,1015739.0,758595.0,,29.1
Iron Mountain,2021,217197.0,,830702.0,,
Iron Mountain,2022,347072.0,,1001511.0,,
J.B. Hunt,2020,1890776.0,,8.21,,
J.B. Hunt,2022,1942283.0,,6.66,,
J.B. Hunt,2023,1739774.0,,24.0,,
Enel Group,2015,119500000.0,174700000.0,,,27.6
WEC Energy Group,2018,,20000000.0,,,54.0
JD.com,2020,,,,,
JD.com,2022,,,31247.92,,
onsemi,2023,828620.0,15652.0,,,70.0
The J. M. Smucker Company,2015,,1.39,,,85.6
The J.M. Smucker Company,2016,1.3,0.01,,,89.0
The J.M. Smucker Company,2017,,,,,91.6
The J. M. Smucker Company,2018,,,,100.0,92.4
THE J.M. SMUCKER CO.,2022,,2946.0,,,
THE J.M. SMUCKER CO.,2023,208640.0,2840.0,93.58,80.0,96.22
JPMORGAN CHASE & CO.,2017,675073.0,5611797.0,370801.0,,
JPMorgan Chase,2020,109926.0,5035089.0,1679213.0,100.0,
JPMorgan Chase,2021,,,20.0,,97.0
JPMorgan Chase,2022,,,,,
JPMorgan Chase,2023,872169.0,,,,
Jack Henry,2024,3.0,,18.0,,
Jack Henry & Associates Inc_33,2015,,,,,
U.S. Army Corps of Engineers Omaha District / Hensel-Phelps,2016,300000.0,36.46,,11.0,93.0
Jefferies,2022,,,19206.0,,
Johnson & Johnson,2008,,11356230.0,,93.0,16.0
Johnson Controls,2019,,,,,83.0
Johnson Controls,2021,30600000.0,0.0,,,83.0
Johnson Controls,2024,606107.0,3196.0,42.1,,89.0
Juniper Networks,2024,,,31.0,,
KLA Corporation,2021,48321.0,251339.87,103377.0,,
KLA,2022,7964.0,320274.48,109626.0,,
Kansas City Southern,2016,13.59,2306912.86,,,
Kansas City Southern,2017,1472814.0,2300579.34,,,
Kansas City Southern,2018,1.43,,,,37.0
Kansas City Southern,2019,1400000.0,,,,
KCS,2020,,,,,
Keysight Technologies,2017,,,,,
Keysight,2018,,,,,
Keysight,2021,96659.0,,5.0,,
Keysight,2022,1225.0,275730.83,7900.0,,26.0
Kimberly-Clark,2021,8000.0,,1655000.0,,
Kimberly-Clark,2022,65000.0,,195.0,,
Kimberly-Clark,2023,13000000.0,,1280198.0,,
Kimco Realty,2023,,,,,
Kimco Realty,2024,,,,,
Kinder Morgan Canada Limited (KML),2018,84234.0,,,,
Kinder Morgan,2019,81000.0,,1018.0,,
Kinder Morgan,2020,14100000.0,1487000.0,1053.0,,
Kinder Morgan,2021,19400000.0,1361000.0,1058.0,,
Kinder Morgan,2022,18100000.0,1459000.0,956.0,,98.0
Deutsche Telekom,2016,100000.0,2.0,33.0,,
Kraft Heinz,2017,0.19,5.8,,,9.5
Ethical Bean,2020,8.0,1.0,100.0,,90.0
Kraft Heinz,2024,455972.0,30455.0,,,
Kroger,2020,,,3674.0,,80.0
Kroger,2022,,,186533.0,40.0,79.0
Kroger,2023,2335900.0,,376813.0,,82.0
Kroger,2024,5081613.0,,97513.0,,
PVH,2020,80888.0,,95453746.0,,
PVH Corp.,2022,1621297.0,,60.0,46.5,
L’Oréal,2016,310441.0,48.0,,,99.8
L’Oréal Group,2017,357770.0,,100.0,,99.9
L’Oréal,2018,413568.0,48.0,,43.0,0.1
L’Oréal,2013,12.0,,90.0,34.0,90.9
L’Oréal,2019,434293.0,,,,0.0
L’Oréal Paris,2021,0.0,,,77.0,
L’Oréal Group,2023,50.0,,100.0,,
FCA,2018,3599405.0,21651.0,15.0,,96.0
L3Harris,2022,161653.0,1179.0,,,49.0
Otsuka Group,2015,,23487000.0,,,98.2
Prysmian Group,2021,,8642129.0,,,
LKQ CORPORATION,2021,43000.0,,208000.0,,
LKQ Corporation,2022,47000.0,,223000.0,,
Sephora Collection,2020,304330.0,,,,
LVMH,2021,375740.0,,,,
LVMH,2022,329420.0,,47.0,,
Lam Research,2018,92563.0,723013.0,,,57.0
Lam Research,2019,111479.0,1.04,35.0,,55.0
Lam Research,2020,113482.0,1.11,32.0,,70.0
Lam Research,2023,190124.0,1525779.89,5535000.0,,53.0
Lamb Weston,2020,,5131.0,1.37,,
Lamb Weston,2021,,670960.0,1.21,,
Lamb Weston,2022,,2074000.0,1.0,100.0,90.0
Land Securities,2015,70665.0,649339.0,194.0,,61.0
Landsec,2017,16477.0,,100.0,,70.8
Landsec,2019,,,96.0,,74.7
Landsec,2021,,704573.0,98.0,,65.0
Landsec,2022,,1605.0,100.0,,79.0
Landsec,2023,,770.0,100.0,,73.0
LEGGETT & PLATT,2023,486.0,,450.0,,
LEGGETT & PLATT,2024,485800.0,,,,
Legrand,2022,4.0,,,,
Legrand,2023,118.0,,,,
Novartis,2014,,95100000.0,,,
Eli Lilly and Company,2020,788000.0,6100000000.0,,,78.0
Lilly,2023,,,185770.0,,
Lilly,2021,131000.0,,9.6,,
Lilly,2022,,,95700.0,,
Lincoln Financial Group,2016,12312.0,,,,
Lincoln Financial,2017,40234.0,210685.19,,,
Lincoln Financial Group,2020,,3153.25,,,
Linde,2017,28400000.0,56400000.0,,,33.0
Linde,2018,24900000.0,68400000.0,827000.0,,
Linde,2019,37500000.0,162200000.0,11364000.0,,90.0
Linde,2020,37200000.0,93100000.0,2500000.0,,90.0
Linde,2021,39900000.0,99500000.0,17000000.0,,90.0
Linde,2022,38800000.0,103900000.0,12552000.0,,90.0
Lloyds Banking Group,2022,0.1,,100.0,,72.0
Lloyds Banking Group,2023,,,50000,,72.0
Lloyds Banking Group,2020,159487.0,,,,
Lockheed Martin,2011,1600000.0,7.57,23.0,,95.0
Lockheed Martin,2012,17325348.0,6.12,,,
Lockheed Martin,2013,197000.0,,100.0,,95.0
Lockheed Martin,2014,1499.0,33694.18,25.0,,47.0
Lockheed Martin,2015,901917.0,4.33,,,
Lockheed Martin,2016,804245.0,4.39,300000.0,,
Lockheed Martin,2017,844373.0,5.01,303746.0,,
Lockheed Martin,2018,819548.0,5.01,307378.0,,
Lockheed Martin,2019,771435.0,5.15,321941.0,,
Lockheed Martin,2020,,,322000.0,,51.0
London Stock Exchange Group plc,2017,,97624.0,64.0,,22.3
London Stock Exchange Group plc,2019,,103970.0,100.0,,
London Stock Exchange Group plc,2021,,,,,
London Stock Exchange Group plc,2024,,,,,
LyondellBasell,2019,22900000.0,,,,1.0
LyondellBasell,2020,24100000.0,,,,
LyondellBasell,2021,23900000.0,,,,
LyondellBasell,2022,14700000.0,,,,
Mercedes-Benz,2013,3356000.0,14000000.0,,,97.0
Daimler Group,2014,3271000.0,,,,
Daimler,2015,,10000000.0,,,91.0
Daimler,2016,,36000000.0,9.0,,
Daimler,2017,,,,,
Daimler,2018,132.0,,,,
Daimler,2019,1239000.0,13486000.0,100.0,,
Daimler,2020,49.7,11778000.0,60.0,,
Mercedes-Benz Group,2021,49.1,,100.0,,
Mercedes-Benz Group,2022,537821.0,,100.0,,96.0
ON TRACK,2019,251214.0,1389767.0,17.5,,91.1
MGM Resorts International,2021,,,24.0,,
Macerich_2017,2015,,945000000.0,,,
Macerich_2022,2022,600000.0,673444.0,1500000.0,,
Accenture,2023,26160.0,,97.0,,
"Macy’s, Inc.",2018,45504.0,,60000000.0,,
"Macy’s, Inc.",2022,,,,,
Marathon Oil,2012,4920000.0,,,,
Marathon Oil,2013,4780000.0,,,,
Marathon Oil,2014,4490000.0,60510000.0,,,
Marathon Oil,2015,4640000.0,40000000.0,,,3.0
Marathon Oil,2019,6650000.0,50300000.0,,,
Marathon Oil,2021,3480000.0,44100000.0,,,9.3
Marks and Spencer,2024,,,,,
Amadeus,2021,13729.0,130707.0,,,58.0
Marsh McLennan,2023,,,48000.0,,
Martin Marietta,2016,,,,,
Martin Marietta,2022,5200000.0,,40247.0,,
Masco,2023,104000.0,33000000.0,,,95.0
Mattel,2021,177367.0,,,97.9,
Maxim,2019,48143.0,,48.0,,
Campbell’s Soup Company,2024,632926.0,,,,94.0
Kroger,2016,,,,,
McDonald’s Germany,2015,140006.0,,534986.0,,
McDonald’s,2016,,,,,
McDonald's,2020,700000.0,,,78.0,
McDonald’s,2018,11700.0,,50000.0,,30.0
McKesson,2017,314692.0,366786.79,,,
McKesson,2018,124911.0,,2250.0,,
McKesson,2019,3300.0,,,,
McKesson,2020,8096.0,856324181.0,1032000.0,,
Medtronic,2016,,,,,
Medtronic,2022,,,16.0,,6.0
Medtronic,2019,299000.0,2200000.0,,,
MetLife,2015,0.0,,,,
MetLife,2016,34997.0,,,,
MetLife,2017,,,,,
MetLife,2018,30000.0,283.91,,,
METTLER TOLEDO,2017,71667.0,224878.0,10663.0,,61.0
METTLER TOLEDO,2021,,219576.0,100.0,,66.0
GreenMT,2021,,186263.0,100.0,,70.0
METTLER TOLEDO,2022,28089.0,196629.0,100.0,,61.0
Mettler-Toledo International Inc.,2023,981121.0,203003.0,100.0,,60.0
Microchip,2018,,1.64,,,100.0
Microchip,2020,2409.0,,,,100.0
Microchip,2022,,2339.0,,,
Microchip,2023,693929.0,1668208698.0,,,75.0
Micron,2016,,,,,60.0
Micron,2019,0.0,48311910.0,,,50.0
Micron,2020,0.0,,,,
Micron,2022,7420983.0,,2900.0,,
Micron,2023,7610655.0,14590000.0,1.8,,93.0
Micron,2021,7140000.0,54000000.0,,,
Microsoft,2006,,,480.0,,
Microsoft,2010,1299356.0,,25.0,,63.0
Microsoft,2011,,,,,80.0
Microsoft,2012,1530352.0,2.72,,,
Microsoft,2013,30000.0,1.0,,,
Microsoft,2014,600000.0,2860265.0,3000000000.0,,99.0
Microsoft,2015,85188.0,,3240620.0,,
Microsoft,2016,,,44.0,,90.0
Microsoft,2017,,,,,90.0
Microsoft,2018,,,1.0,,90.0
Microsoft,2019,,,,,
Microsoft,2021,14073000.0,4477865.0,12969393.0,,
Microsoft,2022,13000000.0,,13.5,,
MAA,2019,104076.0,18383705.0,,,5.41
"Mid-America Apartment Communities, Inc. (MAA)",2023,272962.07,,525147.0,,
"Mohawk Industries, Inc.",2019,,,,,90.0
Mohawk,2021,,14.82,10.0,90.0,
Mohawk,2022,0.24,,,,
Mohawk,2023,3020.0,0.47,61.0,99.0,
MillerCoors,2015,86572.0,3.36,3.2,,99.99
Molson Coors,2016,,233000.0,,,
Molson Coors (aggregate),2018,304108.0,,240309957.0,,99.99
Molson Coors,2022,,,,,99.8
Mondelēz International,2013,,22.0,,,90.0
Mondelēz International,2014,,,,61.0,48.0
Mondelēz International,2015,,,,75.0,68.0
Mondelēz International,2016,25.0,350000000.0,,,
Mondelēz International,2017,,,,,
Mondelēz International,2018,,2400.0,,,
Mondelēz International,2020,24611466.0,10326848.0,23.0,100.0,
Mondelēz International,2021,1427714.0,10276279.0,32.0,,2.7
Mondelēz International,2022,1060000.0,,39.0,,
Mondelēz International,2019,1336793.0,,8.0,63.0,21.0
Mondi Group,2018,,303000000.0,,,
Mondi Group,2019,3724295.0,247100000.0,,,
Mondi,2021,3600000.0,,65.0,,73.0
Mondi Group,2022,2200000.0,219000000.0,60.0,,
PepsiCo,2014,,,,25.0,93.0
Moody’s Corporation,2019,1569.0,,,,
Moody’s,2020,117609.0,,,,
Moody’s,2021,122563.0,,100.0,,
Moody’s,2022,810.0,,100.0,,
Moody’s,2023,0.0,,100.0,,
Morgan Stanley,2009,,,,,
Morgan Stanley,2010,,0.01,,,50.0
Morgan Stanley,2011,,,,,
Morgan Stanley,2012,400.0,,1000000.0,,
Morgan Stanley,2013,,10000.0,3.0,,55.0
Morgan Stanley,2014,,,830000.0,,62.0
Morgan Stanley,2016,,,,,
Morgan Stanley,2017,,,9000000.0,,
Morgan Stanley,2021,30.0,,,,
Motorola Solutions,2014,188145.0,701000.0,33.0,,69.0
Motorola Solutions,2015,166202.0,650000.0,30.0,,72.0
MOTOROLA SOLUTIONS,2016,123500.0,440000.0,7.0,,54.0
Motorola Solutions,2017,121535.0,329000.0,7.0,,54.0
Motorola Solutions,2018,89937.0,542000.0,8.0,,57.0
Motorola Solutions,2019,80982.0,312000.0,15.0,,56.0
Motorola Solutions,2020,74393.0,125000.0,2200000.0,,42.0
Motorola Solutions,2021,66911.0,335000.0,,,42.0
Mylan,2017,800000.0,3300000.0,56000000.0,,100.0
Mylan,2018,734000.0,,72000,,
Nestlé in the U.S.A.,2014,2.04,35.5,6.06,93.0,100.0
Nestlé,2022,112.9,,78.4,,
Nestlé,2023,87540000.0,,91.9,,
Novartis,2015,1350.7,91.9,,,75.0
Novartis,2017,1259.91,75.87,,,78.5
Novartis,2018,1123.24,72.44,,,77.0
Novartis,2019,,67200000.0,,,
Novartis,2020,788.6,8.5,417000.0,,86.6
Novartis,2021,,7800000.0,,,83.9
Novartis,2023,,,,,
NRG,2019,39000000000000.0,183816000.0,,,
NRG,2021,36557416.0,,,,
NRG,2022,37417583.0,,,,
NRG,2023,24000000.0,93000.0,,,68.0
KONE,2014,,390000.0,29.0,,92.0
National Grid,2021,,,6200.0,,
National Oilwell Varco (NOV),2019,,,,,
NOV,2021,384214.0,1281863.2,,,
NOV,2022,398000.0,1.62,,,
Mr Sketch,2019,386881.0,3.24,,,72.0
Newmont,2018,4690000.0,104816000.0,,,72.0
Bellevue Gold Limited,2022,0.15,,80.0,,
Newmont Mining Corporation,2017,4690000.0,115747000.0,,,72.0
News Corp,2022,8500.0,1135.62,,,95.0
News Corp,2023,,,57800.0,77.0,95.0
NEXT,2019,160368.0,,100.0,,95.0
NEXT,2021,148044.0,,100.0,39.0,97.0
NextEra Energy,2020,,,,,
Spire,2021,,359.61,,,
NiSource Inc.,2023,6350413.0,14001640.0,19913014.0,,5.1
Nielsen,2018,1.0,130685.17,1672543.0,,56.0
Nielsen,2020,615382.0,,,,
"NIKE, Inc.",2021,119141.0,,78.0,32.0,69.0
"NIKE, Inc.",2020,47398.0,14121700000.0,229833.0,50.0,88.0
"Noble Energy, Inc.",2011,2120000.0,,,,
Noble Energy,2012,2140000.0,24800000.0,,,
"Noble Energy, Inc.",2013,,31900000.0,,,
Noble Energy,2014,,61500000.0,,,92.0
"Noble Energy, Inc.",2015,,,,,
[company name not provided in text],2016,,46300000.0,,,
Clayton Williams Energy,2017,18.0,97.0,,,
Noble Energy,2018,,,,,
Nordstrom,2018,,0.05,,10.0,
Nordstrom,2019,,,,50.0,
FedEx,2015,,,100.0,,
Norfolk Southern,2022,4165808.0,,26.0,,
Norfolk Southern Corporation,2024,7101230.0,,4.2,,
Norfolk Southern,2023,,,30000.0,70.0,60.0
Northern Trust,2019,,,100.0,,
Northrop Grumman,2017,500215.0,0.24,,,62.9
Northrop Grumman,2021,725835.0,,,,
Norwegian Cruise Line Holdings Ltd.,2023,3162836.0,,0.01,,80.0
NVIDIA,2016,,63770.0,36.0,100.0,95.0
NVIDIA,2017,,75470.0,29.0,,76.0
NVIDIA,2019,,95969.0,,,90.0
NVIDIA,2020,,72378.0,34.0,,78.0
NVIDIA,2021,,359901.0,,,68.0
NVIDIA CORPORATE,2022,,,,,
NVIDIA,2023,73017.0,471777.0,44.0,,
"Natural Gas Liquids Operations, Mont Belvieu, Texas",2015,,,,,
ONEOK,2016,50000000.0,,,,
Occidental,2019,15500000.0,,16.0,,
Occidental Petroleum Corporation (Oxy),2023,22500000.0,47000000.0,43324.0,,
Oxy,2024,21910000.0,1190000.0,42000.0,,
Omnicom,2017,260233.0,,15689.0,,
[Global Company],2018,21.0,,14900.0,,
Omnicom,2019,200376.0,,21200.0,,
Omnicom,2020,73732.0,,20165.0,,99.68
Omnicom,2021,,,21.5,,
Omnicom,2022,361394.0,,24876.0,,
Oracle,2012,,,5.0,,76.0
Oracle,2014,10.0,9.5,100.0,,65.0
Orange,2020,,,31.0,,
Orange,2021,142000.0,,117000,,
PACCAR,2019,15.0,,,,88.0
PACCAR,2024,271000.0,,,,
PPG,2009,,595.44,,,
PPG,2010,400.0,15.0,,98.0,
PPG,2011,,,,,
PPG Industries,2012,5800000.0,430000000.0,,,75.0
PPG,2013,7200.0,4.39,,,
PPG,2016,,,,31.0,
PPG,2017,1170000.0,18600000.0,,32.0,
PPG,2018,930000.0,,,32.0,
PPG,2021,840000.0,16900000.0,4600000.0,,
PPG,2022,,17730000.0,,,
PPL,2015,,2.39,13.0,,
PPL,2016,,61.0,,,
PPL,2017,29083085.0,494946.0,,,
PPL Electric,2018,,512000.0,,,68.0
PPL,2019,,,17000.0,,
PPL,2020,,80300.0,,58.4,84.32
PPL,2021,,483000.0,,,
PVH,2015,134459.0,343683.0,,70.0,
PVH,2018,128878.0,181235.0,60735489.0,33.0,94.0
PVH Corp.,2021,,,,54.0,
PVH,2023,2294443.0,,64.0,,
Packaging Corporation of America,2018,3300000.0,280300000.0,,,
PCA (Packaging Corporation of America),2019,4260000.0,273900000000.0,70300000.0,,73.2
PCA (Packaging Corporation of America),2020,6000.0,270800000000.0,70800000.0,,
PCA (Packaging Corporation of America),2021,1950000.0,274900000000.0,70600000.0,,
PCA,2022,5660000.0,1.39,70100000.0,,73.0
PayPal,2017,,2349576.04,,,90.0
PayPal,2022,507.0,0.3,,,
Paychex,2019,17000.0,,,,
Pearson,2015,146493.0,1014268.0,162916.0,,
Pearson,2016,126385.0,,100.0,,
Pearson,2017,104384.0,,,,
Pearson plc,2019,80421.0,453589.0,90192.0,,
Pentair,2021,106441.0,661.0,,,
Pentair,2022,119740.1,752821.16,37.0,,
Pentair,2023,55880.0,29.0,,,
PepsiCo,2010,,,,10.0,
PepsiCo,2013,,200000.0,,,
PepsiCo,2015,7.0,,,4.0,94.0
PepsiCo,2017,,,,9.0,95.0
PepsiCo,2018,,,100.0,,
PepsiCo,2021,,,,,
PepsiCo,2022,,8700000000.0,,,87.0
PerkinElmer,2014,41101.0,169795.0,,,
PerkinElmer,2021,3423.0,11.0,,,
PerkinElmer,2013,44352.0,165925.0,5000.0,,
BNY Mellon,2021,95885.0,179.93,99.0,,75.0
Pfizer,2007,,30000000.0,,30.0,49.0
Pfizer,2009,12.0,,,,
Pfizer,2020,80.0,,,,
Pfizer,2021,28.0,,310.0,,
Pfizer,2022,,,,,
Phillip Morris International,2017,,4.8,36.0,,
Philip Morris International,2018,5504000.0,4400000.0,65.0,,96.0
Philip Morris International,2019,615595.0,4.0,72.0,,84.0
Philip Morris International,2021,308822.0,3120000.0,33.0,,86.0
Philip Morris International,2022,4597000.0,3090000.0,87.0,,86.0
Phillips 66,2017,35.0,,,,
Phoenix Group Holdings plc,2022,24000000.0,,,,
Phoenix Group Holdings plc,2023,83.0,,,,
Pioneer,2022,3250000.0,,,,
Ralph Lauren,2019,63290.0,,10.0,79.0,100.0
Ralph Lauren,2020,1664744.0,,2.0,,85.0
Ralph Lauren,2021,1237017.0,9661765.0,6.0,,85.0
[company name not provided in text],2023,74587.0,,8.0,,
Principal Financial Group,2023,,,55.6,,
Torre Llacuna,2024,313506.0,,20.0,,20.0
P&G,2016,4903000.0,64192000.0,,,86.0
Procter & Gamble (P&G),2013,5738.0,74320.0,,,81.0
P&G (Procter & Gamble),2017,4600000.0,62028000.0,,65.0,86.0
The Procter & Gamble Company,2020,,,,100.0,
P&G,2022,2316.0,68600000.0,99.0,,
P&G,2023,2253.0,,99.0,,
P&G,2018,4300000.0,63419000.0,,,90.0
Progressive,2021,81320.0,,70000.0,,
Progressive,2023,,,61500.0,,
ProLogis,2007,12394108.0,,6400.0,100.0,
ProLogis,2008,16293.91,,120000.0,,
ProLogis,2009,,,,,
ProLogis,2010,10253.0,,30.0,,
Prologis,2011,,,,20.0,75.0
Prologis,2012,6299.0,,550000000.0,,
Prologis,2013,9837.0,,,,
Prologis,2014,7558.0,10186.54,,,
Prologis,2015,14853.0,9232.61,,,
Prologis,2016,14885.0,0.02,165.0,,
Prologis,2017,13105.0,,96.15,,
Prologis,2019,,,,,
Prologis,2020,1106.0,,,,
Prudential plc,2019,,229268.0,,,63.0
Prudential plc,2020,,170648.0,,,62.0
Prudential plc,2021,,123025.82,,,
Prudential plc,2023,,,,,
CVS Caremark,2013,1737000.0,6700.0,,,
WEC Energy Group,2021,,10000000.0,,,
PSEG,2023,1878390.0,2500.0,158.0,,
Public Storage,2019,,,,,30.0
Public Storage,2021,11.0,14.0,,,58.0
Public Storage,2022,52.0,,,,53.0
Publicis Groupe S.A.,2015,381066.0,859398.0,25.0,,
Publicis Groupe S.A.,2019,253218.0,727200.0,37.1,80.0,
PUBLICIS GROUPE SA,2013,,777020.0,43300.0,,
PulteGroup,2015,,,,,
Qualcomm,2019,,0.3,,,
Qualcomm,2020,,1518257.65,3.0,,25.0
Qualcomm,2021,,,115000.0,,
Qorvo,2023,,,,,
Quanta Services,2021,653993.0,115.04,,,
Quest Diagnostics,2021,1583.2,3.28,,,
Quest Diagnostics,2023,845.0,,40000000.0,,
Reed Elsevier,2007,40.0,,,,
Reed Elsevier,2008,100778.0,1379182.0,12.0,,46.0
Reed Elsevier,2009,,,,,
Reed Elsevier,2010,,460000.0,,83.0,
Reed Elsevier,2011,,,23.0,93.0,66.0
Reed Elsevier,2012,2.0,11.0,33.0,96.0,64.0
Reed Elsevier,2013,,,40.0,93.0,66.0
RELX Group,2014,,,46.0,,
reLX Group,2015,,,50.0,,
RELX Group,2016,,337889.0,,,76.0
RELX Group,2017,,344918.0,,,76.0
RELX,2019,,,,,61.0
RELX,2021,,,,,
RELX,2022,,156734.0,,,99.0
Repsol,2020,22.0,376961135.0,3295.0,20.0,
Repsol,2013,14220000.0,,,,
Target,2016,,52.0,,,
Repsol,2017,848.0,53497.0,,,
Repsol,2018,,,,,
RDI,2023,7080.0,,,,73.0
Royal Bank of Canada (RBC),2015,136426.0,0.72,479173.0,,99.0
RBC,2016,132663.0,,,,
RBC,2017,147551.0,,20000.0,,80.0
RBC,2018,159915.0,,,,
RBC,2019,128873.0,,,,
[company name not provided in text],2020,98217.0,,78.0,,
RBC,2021,68232.0,,84.0,,
RBC,2022,100337.0,,90.0,,
Saab,2015,70000.0,,,,
Raytheon Technologies,2021,510500.0,5.69,,,
Abbott,2022,,,,,
RB,2015,294087.0,5108000.0,,,96.0
Reckitt Benckiser Group plc (RB),2017,227766.0,,,,100.0
Reckitt Benckiser Group plc (RB),2020,32400000.0,,33.0,,96.0
Reckitt Benckiser Group plc,2022,358746.0,,93.0,,
Reckitt Benckiser Group plc (RB),2018,34000000.0,4983800000000.0,,,
Regency Centers,2018,33873.0,1814188.03,,,
Regency Centers,2019,2080.0,,2416.0,,3.0
Regency Centers,2020,832381.0,1647.0,,,
Regency Centers,2021,24672.0,,,,35.0
Regency Centers,2022,,,,,29.0
Regeneron,2023,,,,,73.0
Nissan Motor Corporation,2020,2962403.0,23714000.0,10.2,,96.6
Nissan Motor Corporation,2022,2239127.0,20090000.0,11.1,,
Renault Trucks,2023,,6.5,,,99.9
Rentokil Initial,2018,363399.0,9.7,,,26.0
Republic Services,2018,6000000.0,,,,
Republic,2019,400.0,,,,7.0
Republic Services,2020,13453373.0,,19000.0,,
Republic Services,2021,,,,,
ResMed,2024,28658.0,,122.0,,
Rio Tinto,2013,32000.0,,,,
Rio Tinto,2019,,,,,
Atalaya Mining Plc.,2023,,33.9,50.0,,
Robert Half,2023,16708.0,,,,
Rockwell,2021,197.0,,,,86.0
Footsmen,2020,,,,,
"Ross Stores, Inc.",2019,,,,,63.0
"Ross Stores, Inc.",2020,226714.0,,,,67.0
"Ross Stores, Inc.",2022,3.86,,,,
"Ross Stores, Inc.",2023,3.6,,,,
SASB,2022,4979842.0,11015565.0,,,74.0
SAP,2016,,1.05,100.0,,90.0
Sempra,2021,6800000.0,,66500000.0,,99.0
Deutsche Telekom,2017,6013202.0,3.0,100.0,,
SBA Communications Corporation,2021,87300.0,,,,
SBA Communications Corporation,2022,164700.0,,25.0,,
SBA Communications,2023,142600.0,,29.0,,
SL Green Realty Corp.,2013,318330.0,2081938.0,,,77.0
SL Green,2014,206872.0,1963980.0,1748.0,,79.0
SL Green,2015,169878.0,1756097.0,,,75.0
SL Green Realty Corp.,2016,255434.0,1515582.0,,,55.0
SL Green Realty Corp.,2019,,,1.2,90.0,75.0
SL Green Realty Corp.,2020,,340.69,,,
SL Green,2021,,1514.16,,,35.6
SSE,2016,13066.0,28800000000.0,,,
SSE,2017,19395.0,22700000000.0,30.0,,
SSE plc,2018,21609.0,8000000.0,,,
SSE plc,2019,,5600000.0,,,
SSE plc,2021,7640000.0,3600000.0,90360,,55.0
SSE plc,2022,6240000.0,800000.0,,,
SSE plc,2020,8910000.0,6900000.0,97600,,
STMicroelectronics,1998,,7800.0,,,87.0
STMicroelectronics,1999,660000.0,,5.0,,80.0
STMicroelectronics,2000,,45.0,,,
STMicroelectronics (ST),2003,,19800000.0,,,56.0
ST’s Environmental Decalogue,2004,522877.0,,,,
STMicroelectronics,2005,1853000.0,21834000.0,,,78.0
ST,2006,563363.0,22215.0,,,80.0
ST,2008,8.1,,3.0,,89.0
ST,2009,3.0,,3.0,,87.0
STMicroelectronics,2010,1518.0,17393000.0,6.9,,
STMicroelectronics,2011,48.0,,3300,,92.0
STMicroelectronics,2012,561.0,16151000.0,7.4,,6.0
STMicroelectronics,2013,402875.0,17484000.0,17.6,,91.4
ST,2014,1525.0,17386.0,19.74,,92.05
ST,2015,397832.0,,22.5,,86.6
ST,2017,382909.0,29219000.0,,,43.8
ST,2018,1493.0,17064.0,26.0,,
ST,2020,1402.0,18843000.0,26.4,,94.0
ST,2021,1137.0,20223.0,39.6,,95.3
ST,2022,1044.0,21445000.0,51.0,,90.0
STMicroelectronics,2023,972.0,22000000.0,62.0,,94.7
SVB,2022,16235.0,,263.0,,
Safran SA,2023,,,,,
The Sage Group plc,2021,,19.0,35.0,,
Sage,2022,,,,,
Sage,2023,193951.4,,,,
SANOFI,2019,929929.0,34600000.0,186926.0,,75.0
SANOFI,2020,771194.0,,,,
Ansell,2018,,10.6,12.5,,
NRG,2020,29900000.0,3672533000.0,1800.0,,
Schlumberger,2021,1369000.0,,205000.0,,
Glencore,2015,37000000.0,290000000.0,18.0,,
Schneider Electric,2010,357513.0,2493351.0,,,79.0
Schneider Electric,2021,,105.0,82.0,11.0,96.0
Schneider Electric,2022,,,85.0,18.0,96.3
Deutsche Post DHL Group,2014,28600000.0,,61.3,,
Schroders Capital UK Real Estate Fund,2023,,,,,
Barclays PLC,2016,19003.0,,,,
Barclays PLC,2018,292151.0,,,,
Barclays PLC,2019,,1225000.0,60.0,,
RBC,2023,119802.0,,100.0,,
Scottish Widows,2022,2.8,,,,
Seagate,2023,,,50.0,,
SEE,2021,431961.0,,12.0,,
Sealed Air,2023,,1513919.0,,,
seGro,2012,,103092.0,8557.0,,79.0
SEGRO plc,2024,,,1140775.0,,
SEGRO plc,2022,,,30131.0,,
Sempra,2019,,,,,
Sempra Energy,2020,73000000.0,,,,
Sempra,2023,67.8,1233000000.0,,,
Oncor,2022,7200000.0,104855857.0,59.0,,59.0
Severn Trent Plc,2020,,130.0,51.0,,99.0
Severn Trent Plc,2021,102113.0,25000000.0,53.0,100.0,87.0
Severn Trent PLC,2024,,126.0,,,
Government Pension Fund Global,2017,101000000.0,,,,
Shell,2005,105000000.0,638000000.0,,,
Shell,2006,,,,,
Shell,2008,,224000000.0,550.0,,
Shell,2009,64000000.0,198000000.0,,,
Shell,2010,75000000.0,202000000.0,,,
Shell,2011,74000000.0,209000000.0,,,
Shell,2012,72000000.0,203000000.0,,,
Shell,2013,73000000.0,198000000.0,,,
Shell,2014,76000000.0,199000000.0,,,
Shell,2015,72000000.0,186000000.0,,,
Shell,2016,70000000.0,152000000.0,9500000000.0,75.0,
Shell,2017,73000000.0,201000000.0,,,
Shell,2018,71000000.0,147000000.0,,,
Shell,2019,70000000.0,192000000.0,,,
Shell,2020,63000000.0,171000000.0,1800000.0,,
Shell,2021,68000000.0,,,,
Shell,2022,51000000.0,,243.0,,
SHERWIN-WILLIAMS,2020,627265.0,1474380.0,50.0,,43.08
Sherwin-Williams,2023,700323.0,,,,
Sherwin-Williams,2021,354397.0,3785000.0,,,39.6
Sherwin-Williams,2022,430114.0,3950158.0,,,38.7
Siemens,2019,1300000.0,50.0,100.0,,
Siemens,2023,,510000.0,,,93.0
"SIMON PROPERTY GROUP, INC.",2014,42.0,,,,
"SIMON PROPERTY GROUP, INC.",2015,,12238130.0,,,
"Simon Property Group, Inc.",2016,,13785864.0,,,
"Simon Property Group, Inc.",2017,,12357840.0,,,
"Simon Property Group, Inc.",2018,,13169096.0,,,
"Simon Property Group, Inc.",2019,260000.0,12612918.0,373777.0,,
Simon,2020,266578.0,12342937.0,,,
Simon,2021,119230.0,,,,
Simon,2022,126469.0,2860076.0,3544.0,,
ASEH,2019,,24177.0,512067.0,,79.0
Factory,2020,128189.0,,,,66.0
Skyworks,2021,126000.0,1933047.97,,,
Skyworks,2022,157554.0,1976053.05,7.0,,46.0
Skyworks,2023,121468.0,1787350.39,96683.0,,39.0
Smiths Group plc,2015,97000.0,403000.0,,,
Smiths Group plc,2016,79000.0,428000.0,,,
Disney,2020,1516834.0,25967912.6,,,60.0
SMURFIT KAPPA GROUP,2009,243000.0,,,,
Smurfit Kappa Group,2010,2878.0,127.0,32524.0,,
Smurfit Kappa,2011,2852.0,122.0,32779.0,,
SMURFIT KAPPA,2012,2773.0,126.0,31936.0,,
Smurfit Kappa,2013,1728.0,91.0,,,55.4
Smurfit Kappa,2014,2647.0,121.0,,,
Smurfit Kappa,2015,2607.0,120.0,35232.0,,
Smurfit Kappa,2016,2683.0,121.0,36013.0,,
Smurfit Kappa,2017,2670.0,119.0,37157.0,,38.2
Smurfit Kappa,2018,2489.0,115.3,36580.0,,37.8
Smurfit Kappa,2019,1667.0,107.0,51.4,,57.4
Smurfit Kappa,2020,2545.0,144.3,,,46.0
Smurfit Kappa,2021,2500.0,140.1,37363.0,,51.9
Smurfit Kappa,2022,2541.0,141.1,37506.0,,70.1
"Wal-Mart Stores, Inc.",2016,,1800000.0,,,
Planet in Balance,2017,,3.0,,,
Snap One,2023,,,,,
Societe Generale Group,2013,319961.0,1640000.0,29.0,,27.0
SOCIETE GENERALE GROUP,2016,326377.0,2000000.0,26.0,48.0,
Societe Generale,2021,,,27000,,
Southern Company,2022,157.0,,20000.0,,
Southwest Airlines,2015,18779872.0,0.3,20500000.0,,37.25
Southwest Airlines,2016,19717886.0,0.31,,,
Southwest Airlines,2019,20532323.0,0.36,25000000.0,,
Southwest Airlines,2020,12591984.0,0.31,0.0,,25.0
Southwest Airlines,2022,,,59670.0,,
Southwest Airlines Co.,2023,12900000.0,,58000.0,,
Spirax-Sarco Engineering plc,2019,,212027.0,,,79.0
CapShift,2023,,,,,
Stanley Black and Decker,2018,,,158000.0,,
Stanley Black & Decker,2023,291000.0,1915267.35,,,37.0
Starbucks,2013,,19.22,54.9,,
Starbucks Corporation,2020,,,,,
State Street Corporation,2023,,291.23,,,69.3
FCA,2014,32000.0,3.16,20.4,,97.4
FCA (Fiat Chrysler Automobiles),2015,0.47,3.09,100.0,,96.7
FCA (Fiat Chrysler Automobiles),2016,3899000.0,3.19,26.1,43.0,98.9
Sanofi,2019,929929.0,34600000.0,186926.0,,75.0
Sempra,2022,7200000.0,104855857.0,59.0,,52.0
Groupe PSA,2019,867401.0,11660617.0,629074.0,,100.0
Groupe PSA,2021,869580.0,3.91,29.0,30.0,85.0
Stellantis,2021,3874101.0,27540000.0,1169776.0,,68.0
Stryker,2022,139096.0,,284.9,,
"SunTrust Banks, Inc.",2018,5335.37,446937.0,,,
Synchrony,2019,5640.0,,,,
Synchrony,2020,17385.0,0.04,,,
Synchrony,2022,,,,,
Synopsys,2020,93731.0,,9.0,,
Synopsys,2023,3697.0,,54.0,,
Sysco,2022,76000000.0,,,,
T. Rowe Price Associates,2023,,,,,
TE,2018,,5000.0,,,
TE,2019,,,,,80.0
TE Connectivity Ltd.,2020,558285.0,3.3,,,80.0
TE Connectivity,2021,,,35.0,,80.0
TE Connectivity,2022,237892.0,2.79,50.0,,80.0
RBC,2012,180586.0,,13941.0,,
TD Bank Group,2018,,,,,
TD Bank Group,2020,136511.0,1128680.0,454467.0,,45.0
TD Bank Group,2021,117883.0,1142296.0,407005.0,,48.0
TD Bank Group,2022,120101.0,1155766.0,,,55.0
H&M GROUP,2018,,4700000.0,,,
Applied Materials,2018,9.0,6.0,31.0,,81.0
Tapestry,2022,452351.0,,67.0,75.0,73.0
Tapestry,2024,6607.0,,96.0,,85.0
Target,2023,1671180.0,11229.0,60.0,15.0,83.0
Target,2015,2872506.0,,,,5.03
Target,2024,1590537.0,,66.0,,
Target,2021,64789000.0,,,,
Target,2019,81000000.0,11.11,229.0,,
Target,2013,3161137.0,,,,
Owens Corning,2019,,11148304.0,,,4.0
Technip Energies,2023,1612345.0,,,,91.0
Teleflex,2022,,,,,
Teleflex,2023,,,7500,,
Deutsche Telekom,2023,,,100.0,,100.0
BBVA,2017,2.2,23.0,27.0,100.0,41.0
Telefónica,2022,,,,,
Telefónica,2024,,,84.0,,
Tesco,2014,6370000.0,,,,
Vitesco Technologies,2023,10248000.0,1170000.0,,,95.2
Tesco,2015,5625941.0,,,,
TI (Texas Instruments),2022,2170000.0,,,,90.0
Texas Instruments,2020,938506.0,2825.0,,,89.9
Textron,2019,,,55.0,,
Textron,2020,511241.0,3582391.65,,,53.0
TEXTRON,2021,,,188000.0,,
Kautex,2022,439361.0,,44.0,,
BNY Mellon,2013,240178.0,,,,69.0
BNY Mellon,2015,34600.0,1.71,368800.0,,69.0
BNY Mellon,2016,32000.0,1556500.98,324000.0,,75.0
BNY Mellon,2023,28261.0,41.0,241377.0,,81.0
The Hershey Company,2014,15620000.0,,,80.0,88.9
The Hershey Company,2015,,4.8,,,88.0
The Hershey Company,2016,301301.0,4.87,,80.0,85.0
The Hershey Company,2017,17938.0,,,,85.0
The Hershey Company,2018,1.0,,,,87.0
The Hershey Company,2019,,2.65,,,86.0
The Hershey Company,2020,5762402.0,0.87,,,77.0
The Hershey Company,2021,3.75,,,,
The Hershey Company,2022,,,77.0,,
Mosaic,2021,4530000.0,287554000.0,30.0,,
Mosaic Company,2022,4390000.0,317921000.0,,,
The Mosaic Company,2023,4660000.0,298702.0,,,
Mosaic,2017,,321721.0,,,
Travelers,2019,51716.0,,,,
Travelers,2020,35408.0,,21.0,,
Travelers,2021,33477.0,,22.0,,
Travelers,2022,38150.0,,23.0,,
Disney,2022,4890.0,,,,
Thermo Fisher,2018,369.0,,1.1,,39.0
Thermo Fisher,2020,512360.0,,100.0,,90.0
Thermo Fisher,2021,0.0,,15.0,,
Tiffany & Co.,2019,,,77371.0,,
Tiffany & Co.,2021,,,89.0,,
Enel,2013,104000000.0,189600000.0,46.7,,
TOTAL,2017,,,500.0,,
TOTAL,2018,,116000000.0,,,
TOTAL,2019,46.0,115000000.0,,,100.0
TOTAL,2020,35.8,105000000.0,7.0,,
TotalEnergies,2021,37.0,101.0,6800000,,61.0
TotalEnergies,2022,38.0,75000000.0,10.0,,61.0
TotalEnergies,2023,130.0,107.0,1000000,,61.0
Tractor Supply,2014,769.0,,,,
Tractor Supply Company,2020,249031.0,,1.1,,
TransDigm,2022,2022.0,,,,
Choice Hotels,2022,17321.0,,,,
FOX,2022,66692.0,0.01,,,26.0
Fox Corporation,2023,66038000.0,44675.0,1720.0,,
WEC Energy Group,2019,,10000000.0,1000.0,,
Tyson Foods,2012,5200000.0,0.0,,,
Tyson Foods,2016,5771988.0,,828383.0,,
U.S. Bancorp,2021,41335.0,,,,
U.S. Bancorp,2022,60.0,,,,
UDR,2018,,,3.0,,
UDR,2019,,,3.0,,
UDR,2020,50293.0,2205181.0,12000000.0,,14.0
UDR,2021,14564.0,2261840.0,12.0,,13.0
UDR,2022,,2416754.0,31971000.0,,19.0
Ulta Beauty,2022,4.0,,34.0,,
Ulta Beauty,2021,,,,,48.0
Ulta Beauty,2023,2091279.0,,66.0,,
MARTA,2018,195814.0,109642.78,,,8.2
Abbott,2020,,,,,90.0
Unicaja Banco,2022,1256.34,,103289.0,,
Unilever,2014,16000.0,,,,
Unilever,2020,717399.0,27100000.0,,,96.0
Unilever Nigeria,2022,,,,,
Unilever,2023,,95395.65,,,
PT Unilever Indonesia Tbk,2017,130531.0,1130674.0,,,
Unilever Nigeria,2021,,184995.0,,,
UNION PACIFIC,2022,,,,,93.0
Union Pacific,2023,9157000.0,,6.1,,90.0
CVS Health,2014,1737000.0,6200.0,,,45.0
CVS Health,2020,6000.0,5612.0,,,
THE UNITE GROUP PLC,2023,43582.0,2746922.0,99.9,,
Think Blue. Challenge.,2013,7000.0,3800000.0,290000.0,,60.0
Continental AG,2015,2935.0,16700000.0,16845.0,3.0,82.9
American Airlines,2017,34451.0,1.63,23858.0,,
Thermo Fisher,2022,13200000.0,7100000.0,446304.0,,50.0
American Airlines,2023,,1.84,,,
Continental AG,2021,109940000.0,16700000.0,9000000,,
United Rentals,2019,396065.0,,7.1,,
United Rentals,2022,13707367.0,,31250.0,,56.4
United Rentals,2023,7450040.0,,,,57.4
United Utilities,2019,,4.43,976000,,96.0
United Utilities Group PLC,2023,,,100.0,,
"Universal Health Services, Inc._2319",2019,27.1,,100.0,,
UNUM,2018,,,,,2.7
Unum,2019,,,,,
UNUM,2021,,34131.0,,,75.1
UNUM GROUP,2022,,35063.0,,,
VF Corporation,2020,,,,,
VF,2022,50667.0,90883.0,55577.0,,
VF,2018,,95800000.0,,83.0,21.0
Audi,2019,572804.0,3428952.0,41.1,,
Volkswagen Group,2021,119.0,15800000.0,,,
Volkswagen AG,2022,4460000.0,15900000.0,405735.0,,
Valero,2021,23000000.0,164600000.0,,,25.0
Valero,2022,23700000.0,175000000.0,,,
Valero,2023,24800000.0,182000000.0,,,31.0
Siemens,2022,,450000.0,,,93.0
Siemens,2021,,15050000.0,78.0,,83.0
Ventas,2018,,,32000.0,,
Ventas,2019,,,53000.0,,
Ventas,2022,,,,,
Veolia,2023,28.6,,1100000.0,,
NTT Communications,2013,,,,,96.7
NTT Communications,2014,273000.0,,,,99.4
Amazon,2016,,,40.0,,
Verisk,2021,,,,,
Verizon,2017,,0.77,,,
Verizon,2018,,,20.0,,100.0
Verizon,2020,20000000.0,,1.7,,
Vertex,2018,,,100.0,,100.0
Vertex,2019,13826.0,,100.0,,51.0
Vertex,2021,13287.0,102.5,100.0,,44.0
Vertex,2022,13009.0,160.6,,,42.0
VINCI,2012,62.0,6200292.0,,,
VINCI,2013,2489151.0,,,,11.4
VINCI,2014,2391768.0,6713657.0,12765.0,,67.0
VINCI,2015,2282661.0,8248185.0,17620.0,,
VINCI,2016,2555995.0,,15614.0,,66.5
VINCI,2017,2666292.0,,57793.0,,68.5
VINCI,2018,,,98338.0,,80.0
VINCI,2019,,,162042.0,,80.0
Visa,2015,,0.24,,89.1,57.0
Visa,2020,13900.0,216146.91,100.0,,54.0
Visa,2021,4000.0,147441.72,100.0,,43.0
Visa,2022,6400.0,177.0,100.0,,48.0
Vodafone Group Plc,2011,1960000.0,,19.0,,
Vodafone Group Plc,2017,2590000.0,,,,
Vodafone Group Plc,2019,2000000.0,,15.4,,
Vodafone Group_2022,2022,0.86,,115000,,
Vornado Realty Trust,2017,270676.0,3501302.0,55.0,,50.0
Vornado Realty Trust,2019,283724.0,3187066.0,,,49.8
Vornado,2020,8594.0,2027913.0,2.07,,65.0
Vornado Realty Trust,2021,3187066.0,1959798.0,18.35,,63.0
Vornado,2022,,2218521.0,32.51,,64.0
Vulcan Materials Company,2021,1150000.0,,,,
Vulcan,2022,1230000.0,,5.3,,91.0
Vulcan Materials Company,2023,,,,,
WPP,2018,0.74,,30.0,,54.0
WPP,2019,18994.0,,35.0,25.0,
WPP,2020,,,,,
WPP,2021,,,,,
WPP,2022,,,,,
Wabtec,2020,384475.0,0.15,225000.0,,
Wabtec,2023,129787.0,,0.4,,
Walgreens Boots Alliance,2021,1700000.0,,6.3,,60.1
Walgreens Boots Alliance (WBA),2022,1600000.0,,6.6,,71.0
Walgreens Boots Alliance,2023,1500000.0,,,,98.0
"Wal-Mart Stores, Inc.",2017,,,26.0,,
Walmart,2019,93000000.0,,145.5,,
Walmart,2020,35630000.0,,29.0,,
Walmart,2022,3000000.0,,,,
Walmart,2023,,,,,
Waste Management,2010,23664677.0,,,,90.0
Waste Management,2011,1817830.0,,586.0,,
Chevron Houston Marathon,2012,16448441.0,,100.0,,97.0
Waste Management,2013,19556857.0,,,,
Waste Management,2014,17662765.0,,5635643.0,,
Waste Management Inc._2014,2015,,,,,
Waste Management,2016,,,,,33.0
Waste Management,2017,,,,,
Waste Management,2018,32588647.0,0.28,6670000.0,,20.4
WM,2019,389988.0,,,,
WM,2021,21.99,,,,
WM,2022,14602131.0,,,,
Waters,2009,38.0,12.0,,,
Waters Corporation,2014,15.0,,,,
Waters Corporation,2017,,90902.0,,,
Waters,2020,23689.0,,27.0,,
Waters,2021,,113753.0,27.0,,
Waters Corporation,2022,24.0,,58.0,,35.0
WEC Energy Group,2016,29600000.0,,,,
WEC Energy Group,2017,,3570000000.0,,,52.0
WEC Energy Group,2022,,10000000.0,,,55.0
Trafigura,2018,,,,,
CRH,2019,33.9,3.9,,,
Trafigura Group Pte. Ltd.,2020,,,,,
Carlsberg Group,2023,5200000.0,,92.0,,74.0
Centene,2022,2016819.0,,,,
MTD,2023,,,,,
HCN,2012,,,20.0,,77.0
HCN,2013,,907.93,487.0,,
Welltower,2014,154718.0,1070.51,,,10.4
[company name not provided in text],2015,,1069.68,,,3.7
Welltower,2016,180105.0,,,,14.12
Welltower Incorporated,2017,1416664.0,,26463124.0,,
Welltower,2018,134604.0,,32467274.0,,17.9
Welltower Inc.,2020,6.08,,,,18.5
Welltower,2021,500482.0,7687.27,,,13.1
Welltower,2022,,,,,10.0
WestRock,2022,6273921.0,62947448.0,62.23,,
Western Digital Corporation,2018,,,,,
Western Digital,2021,,,279900,,
Western Digital,2022,,6939399.8,,,63.5
Western Digital,2023,,14208676.5,75000.0,,61.2
Western Digital,2024,500000.0,,100.0,36.0,99.0
Western Union,2018,,,,,
Western Union,2019,,210000.0,,,
Weyerhaeuser,2014,,,,,98.0
Whirlpool Corporation,2012,,800500.0,,,
Whirlpool Corporation,2013,,69000.0,,,
Whirlpool,2014,,207503.0,,,
Consul,2015,,28000.0,,,92.3
Haceb Whirlpool Industrial S.A.S.,2016,,9903.0,,,97.0
Whirlpool,2017,788295.0,5818860.0,30000.0,50.0,
Whirlpool Corporation,2018,753000.0,,,,96.0
Whirlpool Corporation,2019,,0.12,,,96.0
Whirlpool,2020,,,15.0,,98.0
Whirlpool Corporation,2022,,,,,95.0
Sherwin-Williams,2018,,,,,
Williams,2020,10430000.0,,12.0,,
Williams,2022,13870000.0,1135.62,538434.0,,
"The Williams Companies, Inc.",2023,15460000.0,,606400.0,,
WTW,2022,344575.0,,,,
Atos,2013,,,115000.0,,
Worldline,2017,11252.8,28442.2,,,90.0
Worldline,2018,,,,,
Wynn Resorts,2017,,4232.5,850.0,,
Wynn Resorts,2019,,,,,
Wynn Resorts,2020,,,,,
Wynn Resorts,2021,409184.0,1638.25,42.0,,
Wynn Resorts,2022,350201.0,2153057.93,,,
HORIZON BOUND,2021,,,,,
Xcel Energy,2022,,,,,
Xcel Energy,2017,30000000.0,,,,
Xerox,2022,133617.0,,,,
Xerox,2024,,,,,100.0
Xilinx Corporation,2014,,,1404.0,,
Xilinx,2015,25000.0,100.0,3073.0,,59.0
Xilinx,2016,30000.0,150.0,3073.0,,63.0
Xilinx,2017,27294.0,115.0,3073.0,,90.0
Xilinx,2019,24766.0,112.0,3073.0,,
Yum China,2022,,,2400.0,21.0,38.0
Cargill,2023,6927653.0,93950000.0,70000.0,,9.8
Olympus,2023,45.7,,71.9,,
